<?xml version="1.0"?>
<p3p:META xmlns:p3p="http://www.w3.org/2002/01/P3Pv1" xml:lang="">
	<!--Zero or more repetitions: -->
	<p3p:EXTENSION optional="yes">
		cum
		<!--You have a CHOICE of the next 1 items at this level -->
		<!--You may enter ANY elements at this point -->
		<AnyElement />
		sonoras
	</p3p:EXTENSION>
	<p3p:POLICY-REFERENCES>
		<!--Optional: -->
		<p3p:EXPIRY max-age="200" date="string" />
		<!--Zero or more repetitions: -->
		<p3p:POLICY-REF about="http://www.any.org/ventos/verrantque">
			<!--Zero or more repetitions: -->
			<p3p:INCLUDE>http://www.sample.org/turbine/circum</p3p:INCLUDE>
			<!--Zero or more repetitions: -->
			<p3p:EXCLUDE>http://www.test.com/fremunt/foedere</p3p:EXCLUDE>
			<!--Zero or more repetitions: -->
			<!--Zero or more repetitions: -->
			<p3p:METHOD>http://www.corp.gov/sceptra/et</p3p:METHOD>
			<!--Zero or more repetitions: -->
			<p3p:EXTENSION optional="yes">
				turbine
				<!--You have a CHOICE of the next 1 items at this level -->
				<!--You may enter ANY elements at this point -->
				<AnyElement />
				iovis
			</p3p:EXTENSION>
		</p3p:POLICY-REF>
		<!--Zero or more repetitions: -->
		<p3p:HINT scope="string" path="string" />
		<!--Zero or more repetitions: -->
		<p3p:EXTENSION optional="yes">
			flammato
			<!--You have a CHOICE of the next 1 items at this level -->
			<!--You may enter ANY elements at this point -->
			<AnyElement />
			speluncis
		</p3p:EXTENSION>
	</p3p:POLICY-REFERENCES>
	<!--Optional: -->
	<p3p:POLICIES xml:lang="string">
		<!--Optional: -->
		<p3p:EXPIRY max-age="200" date="string" />
		<!--Optional: -->
		<p3p:DATASCHEMA xml:lang="string">
			<!--You have a CHOICE of the next 3 items at this level -->
			<p3p:DATA-DEF name="string" structref="http://www.any.edu/ac/hoc"
				short-description="string">
				<!--Optional: -->
				<p3p:CATEGORIES>
					<!--You have a CHOICE of the next 17 items at this level -->
					<p3p:physical />
					<p3p:online />
					<p3p:uniqueid />
					<p3p:purchase />
					<p3p:financial />
					<p3p:computer />
					<p3p:navigation />
					<p3p:interactive />
					<p3p:demographic />
					<p3p:content />
					<p3p:state />
					<p3p:political />
					<p3p:health />
					<p3p:preference />
					<p3p:location />
					<p3p:government />
					<p3p:other-category>string</p3p:other-category>
				</p3p:CATEGORIES>
				<!--Optional: -->
				<p3p:LONG-DESCRIPTION>string</p3p:LONG-DESCRIPTION>
			</p3p:DATA-DEF>
			<p3p:DATA-STRUCT name="string"
				structref="http://www.test.org/caelumque/speluncis"
				short-description="string">
				<!--Optional: -->
				<p3p:CATEGORIES>
					<!--You have a CHOICE of the next 17 items at this level -->
					<p3p:physical />
					<p3p:online />
					<p3p:uniqueid />
					<p3p:purchase />
					<p3p:financial />
					<p3p:computer />
					<p3p:navigation />
					<p3p:interactive />
					<p3p:demographic />
					<p3p:content />
					<p3p:state />
					<p3p:political />
					<p3p:health />
					<p3p:preference />
					<p3p:location />
					<p3p:government />
					<p3p:other-category>string</p3p:other-category>
				</p3p:CATEGORIES>
				<!--Optional: -->
				<p3p:LONG-DESCRIPTION>string</p3p:LONG-DESCRIPTION>
			</p3p:DATA-STRUCT>
			<p3p:EXTENSION optional="yes">
				circum
				<!--You have a CHOICE of the next 1 items at this level -->
				<!--You may enter ANY elements at this point -->
				<AnyElement />
				aris
			</p3p:EXTENSION>
		</p3p:DATASCHEMA>
		<!--Zero or more repetitions: -->
		<p3p:POLICY discuri="http://www.sample.org/arce/claustra"
			opturi="http://www.any.com/certo/quisquam" name="string" xml:lang="string">
			<!--Zero or more repetitions: -->
			<p3p:EXTENSION optional="yes">
				ac
				<!--You have a CHOICE of the next 1 items at this level -->
				<!--You may enter ANY elements at this point -->
				<AnyElement />
				feta
			</p3p:EXTENSION>
			<!--Optional: -->
			<p3p:TEST />
			<p3p:ENTITY>
				<!--Zero or more repetitions: -->
				<p3p:EXTENSION optional="yes">
					ac
					<!--You have a CHOICE of the next 1 items at this level -->
					<!--You may enter ANY elements at this point -->
					<AnyElement />
					sed
				</p3p:EXTENSION>
				<p3p:DATA-GROUP>
					<!--1 or more repetitions: -->
					<p3p:DATA ref="http://www.test.org/pectore/austris">annos sciret</p3p:DATA>
				</p3p:DATA-GROUP>
				<!--Zero or more repetitions: -->
				<p3p:EXTENSION optional="yes">
					certo
					<!--You have a CHOICE of the next 1 items at this level -->
					<!--You may enter ANY elements at this point -->
					<AnyElement />
					dare
				</p3p:EXTENSION>
			</p3p:ENTITY>
			<p3p:ACCESS>
				<!--Zero or more repetitions: -->
				<p3p:EXTENSION optional="yes">
					rates
					<!--You have a CHOICE of the next 1 items at this level -->
					<!--You may enter ANY elements at this point -->
					<AnyElement />
					bella
				</p3p:EXTENSION>
				<!--You have a CHOICE of the next 6 items at this level -->
				<p3p:nonident />
				<p3p:ident-contact />
				<p3p:other-ident />
				<p3p:contact-and-other />
				<p3p:all />
				<p3p:none />
				<!--Zero or more repetitions: -->
				<p3p:EXTENSION optional="yes">
					volutans
					<!--You have a CHOICE of the next 1 items at this level -->
					<!--You may enter ANY elements at this point -->
					<AnyElement />
					dedit
				</p3p:EXTENSION>
			</p3p:ACCESS>
			<!--Optional: -->
			<p3p:DISPUTES-GROUP>
				<!--Zero or more repetitions: -->
				<p3p:EXTENSION optional="yes">
					faciat
					<!--You have a CHOICE of the next 1 items at this level -->
					<!--You may enter ANY elements at this point -->
					<AnyElement />
					magno
				</p3p:EXTENSION>
				<!--1 or more repetitions: -->
				<p3p:DISPUTES resolution-type="service"
					service="http://www.test.gov/regemque/annos" verification="string"
					short-description="string">
					<!--Zero or more repetitions: -->
					<p3p:EXTENSION optional="yes">
						infixit
						<!--You have a CHOICE of the next 1 items at this level -->
						<!--You may enter ANY elements at this point -->
						<AnyElement />
						ventos
					</p3p:EXTENSION>
					<!--You have a CHOICE of the next 3 items at this level -->
					<p3p:LONG-DESCRIPTION>string</p3p:LONG-DESCRIPTION>
					<!--Optional: -->
					<p3p:IMG src="http://www.corp.org/montis/rapidum" width="200"
						height="200" alt="string" />
					<!--Optional: -->
					<p3p:REMEDIES>
						<!--Zero or more repetitions: -->
						<p3p:EXTENSION optional="yes">
							habenas
							<!--You have a CHOICE of the next 1 items at this level -->
							<!--You may enter ANY elements at this point -->
							<AnyElement />
							insuper
						</p3p:EXTENSION>
						<!--You have a CHOICE of the next 3 items at this level -->
						<p3p:correct />
						<p3p:money />
						<p3p:law />
						<!--Zero or more repetitions: -->
						<p3p:EXTENSION optional="yes">
							mollitque
							<!--You have a CHOICE of the next 1 items at this level -->
							<!--You may enter ANY elements at this point -->
							<AnyElement />
							cum
						</p3p:EXTENSION>
					</p3p:REMEDIES>
					<!--Zero or more repetitions: -->
					<p3p:EXTENSION optional="yes">
						iovisque
						<!--You have a CHOICE of the next 1 items at this level -->
						<!--You may enter ANY elements at this point -->
						<AnyElement />
						in
					</p3p:EXTENSION>
					<p3p:IMG src="http://www.any.com/iunonis/coniunx" width="200"
						height="200" alt="string" />
					<!--Optional: -->
					<p3p:REMEDIES>
						<!--Zero or more repetitions: -->
						<p3p:EXTENSION optional="yes">
							adorat
							<!--You have a CHOICE of the next 1 items at this level -->
							<!--You may enter ANY elements at this point -->
							<AnyElement />
							ipsa
						</p3p:EXTENSION>
						<!--You have a CHOICE of the next 3 items at this level -->
						<p3p:correct />
						<p3p:money />
						<p3p:law />
						<!--Zero or more repetitions: -->
						<p3p:EXTENSION optional="yes">
							illum
							<!--You have a CHOICE of the next 1 items at this level -->
							<!--You may enter ANY elements at this point -->
							<AnyElement />
							frenat
						</p3p:EXTENSION>
					</p3p:REMEDIES>
					<!--Zero or more repetitions: -->
					<p3p:EXTENSION optional="yes">
						aris
						<!--You have a CHOICE of the next 1 items at this level -->
						<!--You may enter ANY elements at this point -->
						<AnyElement />
						nimborum
					</p3p:EXTENSION>
					<p3p:REMEDIES>
						<!--Zero or more repetitions: -->
						<p3p:EXTENSION optional="yes">
							aris
							<!--You have a CHOICE of the next 1 items at this level -->
							<!--You may enter ANY elements at this point -->
							<AnyElement />
							mollitque
						</p3p:EXTENSION>
						<!--You have a CHOICE of the next 3 items at this level -->
						<p3p:correct />
						<p3p:money />
						<p3p:law />
						<!--Zero or more repetitions: -->
						<p3p:EXTENSION optional="yes">
							premere
							<!--You have a CHOICE of the next 1 items at this level -->
							<!--You may enter ANY elements at this point -->
							<AnyElement />
							montis
						</p3p:EXTENSION>
					</p3p:REMEDIES>
					<!--Zero or more repetitions: -->
					<p3p:EXTENSION optional="yes">
						insuper
						<!--You have a CHOICE of the next 1 items at this level -->
						<!--You may enter ANY elements at this point -->
						<AnyElement />
						molemque
					</p3p:EXTENSION>
				</p3p:DISPUTES>
				<!--Zero or more repetitions: -->
				<p3p:EXTENSION optional="yes">
					ferant
					<!--You have a CHOICE of the next 1 items at this level -->
					<!--You may enter ANY elements at this point -->
					<AnyElement />
					gero
				</p3p:EXTENSION>
			</p3p:DISPUTES-GROUP>
			<!--1 or more repetitions: -->
			<p3p:STATEMENT>
				<!--Zero or more repetitions: -->
				<p3p:EXTENSION optional="yes">
					nimborum
					<!--You have a CHOICE of the next 1 items at this level -->
					<!--You may enter ANY elements at this point -->
					<AnyElement />
					circum
				</p3p:EXTENSION>
				<!--Optional: -->
				<p3p:CONSEQUENCE>string</p3p:CONSEQUENCE>
				<!--You have a CHOICE of the next 2 items at this level -->
				<p3p:PURPOSE>
					<!--Zero or more repetitions: -->
					<p3p:EXTENSION optional="yes">
						vasto
						<!--You have a CHOICE of the next 1 items at this level -->
						<!--You may enter ANY elements at this point -->
						<AnyElement />
						montis
					</p3p:EXTENSION>
					<!--You have a CHOICE of the next 12 items at this level -->
					<p3p:current required="always" />
					<p3p:admin required="always" />
					<p3p:develop required="always" />
					<p3p:tailoring required="always" />
					<p3p:pseudo-analysis required="always" />
					<p3p:pseudo-decision required="always" />
					<p3p:individual-analysis required="always" />
					<p3p:individual-decision required="always" />
					<p3p:contact required="always" />
					<p3p:historical required="always" />
					<p3p:telemarketing required="always" />
					<p3p:other-purpose required="always">aris tempestatesque
					</p3p:other-purpose>
					<!--Zero or more repetitions: -->
					<p3p:EXTENSION optional="yes">
						aris
						<!--You have a CHOICE of the next 1 items at this level -->
						<!--You may enter ANY elements at this point -->
						<AnyElement />
						tenens
					</p3p:EXTENSION>
				</p3p:PURPOSE>
				<p3p:RECIPIENT>
					<!--Zero or more repetitions: -->
					<p3p:EXTENSION optional="yes">
						incedo
						<!--You have a CHOICE of the next 1 items at this level -->
						<!--You may enter ANY elements at this point -->
						<AnyElement />
						premit
					</p3p:EXTENSION>
					<!--You have a CHOICE of the next 6 items at this level -->
					<p3p:ours>
						<!--Zero or more repetitions: -->
						<p3p:recipient-description>ac iras</p3p:recipient-description>
					</p3p:ours>
					<p3p:same required="opt-in">
						<!--Zero or more repetitions: -->
						<p3p:recipient-description>nubibus et</p3p:recipient-description>
					</p3p:same>
					<p3p:other-recipient required="always">
						<!--Zero or more repetitions: -->
						<p3p:recipient-description>dedit qui</p3p:recipient-description>
					</p3p:other-recipient>
					<p3p:delivery required="opt-out">
						<!--Zero or more repetitions: -->
						<p3p:recipient-description>atris imposuit
						</p3p:recipient-description>
					</p3p:delivery>
					<p3p:public required="opt-in">
						<!--Zero or more repetitions: -->
						<p3p:recipient-description>magno animos
						</p3p:recipient-description>
					</p3p:public>
					<p3p:unrelated required="opt-in">
						<!--Zero or more repetitions: -->
						<p3p:recipient-description>sonoras verrantque
						</p3p:recipient-description>
					</p3p:unrelated>
					<!--Zero or more repetitions: -->
					<p3p:EXTENSION optional="yes">
						patriam
						<!--You have a CHOICE of the next 1 items at this level -->
						<!--You may enter ANY elements at this point -->
						<AnyElement />
						metuens
					</p3p:EXTENSION>
				</p3p:RECIPIENT>
				<p3p:RETENTION>
					<!--Zero or more repetitions: -->
					<p3p:EXTENSION optional="yes">
						montis
						<!--You have a CHOICE of the next 1 items at this level -->
						<!--You may enter ANY elements at this point -->
						<AnyElement />
						dare
					</p3p:EXTENSION>
					<!--You have a CHOICE of the next 5 items at this level -->
					<p3p:no-retention />
					<p3p:stated-purpose />
					<p3p:legal-requirement />
					<p3p:indefinitely />
					<p3p:business-practices />
					<!--Zero or more repetitions: -->
					<p3p:EXTENSION optional="yes">
						laxas
						<!--You have a CHOICE of the next 1 items at this level -->
						<!--You may enter ANY elements at this point -->
						<AnyElement />
						tempestatesque
					</p3p:EXTENSION>
				</p3p:RETENTION>
				<!--1 or more repetitions: -->
				<p3p:DATA-GROUP base="http://www.w3.org/TR/P3P/base">
					<!--Zero or more repetitions: -->
					<p3p:EXTENSION optional="yes">
						e
						<!--You have a CHOICE of the next 1 items at this level -->
						<!--You may enter ANY elements at this point -->
						<AnyElement />
						sceptra
					</p3p:EXTENSION>
					<!--1 or more repetitions: -->
					<p3p:DATA ref="http://www.test.org/murmure/coniunx"
						optional="no">
						vinclis
						<p3p:CATEGORIES>
							<!--You have a CHOICE of the next 17 items at this level -->
							<p3p:physical />
							<p3p:online />
							<p3p:uniqueid />
							<p3p:purchase />
							<p3p:financial />
							<p3p:computer />
							<p3p:navigation />
							<p3p:interactive />
							<p3p:demographic />
							<p3p:content />
							<p3p:state />
							<p3p:political />
							<p3p:health />
							<p3p:preference />
							<p3p:location />
							<p3p:government />
							<p3p:other-category>string</p3p:other-category>
						</p3p:CATEGORIES>
						rapidum
					</p3p:DATA>
					<!--Zero or more repetitions: -->
					<p3p:EXTENSION optional="yes">
						rapidi
						<!--You have a CHOICE of the next 1 items at this level -->
						<!--You may enter ANY elements at this point -->
						<AnyElement />
						turbine
					</p3p:EXTENSION>
				</p3p:DATA-GROUP>
				<p3p:NON-IDENTIFIABLE>anyType</p3p:NON-IDENTIFIABLE>
				<!--Optional: -->
				<p3p:PURPOSE>
					<!--Zero or more repetitions: -->
					<p3p:EXTENSION optional="yes">
						antro
						<!--You have a CHOICE of the next 1 items at this level -->
						<!--You may enter ANY elements at this point -->
						<AnyElement />
						auras
					</p3p:EXTENSION>
					<!--You have a CHOICE of the next 12 items at this level -->
					<p3p:current required="always" />
					<p3p:admin required="always" />
					<p3p:develop required="always" />
					<p3p:tailoring required="always" />
					<p3p:pseudo-analysis required="always" />
					<p3p:pseudo-decision required="always" />
					<p3p:individual-analysis required="always" />
					<p3p:individual-decision required="always" />
					<p3p:contact required="always" />
					<p3p:historical required="always" />
					<p3p:telemarketing required="always" />
					<p3p:other-purpose required="opt-out">aequora luctantis
					</p3p:other-purpose>
					<!--Zero or more repetitions: -->
					<p3p:EXTENSION optional="yes">
						aequora
						<!--You have a CHOICE of the next 1 items at this level -->
						<!--You may enter ANY elements at this point -->
						<AnyElement />
						ipsa
					</p3p:EXTENSION>
				</p3p:PURPOSE>
				<!--Optional: -->
				<p3p:RECIPIENT>
					<!--Zero or more repetitions: -->
					<p3p:EXTENSION optional="yes">
						et
						<!--You have a CHOICE of the next 1 items at this level -->
						<!--You may enter ANY elements at this point -->
						<AnyElement />
						aris
					</p3p:EXTENSION>
					<!--You have a CHOICE of the next 6 items at this level -->
					<p3p:ours>
						<!--Zero or more repetitions: -->
						<p3p:recipient-description>incedo imperio
						</p3p:recipient-description>
					</p3p:ours>
					<p3p:same required="opt-out">
						<!--Zero or more repetitions: -->
						<p3p:recipient-description>arce ego</p3p:recipient-description>
					</p3p:same>
					<p3p:other-recipient required="opt-in">
						<!--Zero or more repetitions: -->
						<p3p:recipient-description>tempestatesque circum
						</p3p:recipient-description>
					</p3p:other-recipient>
					<p3p:delivery required="opt-in">
						<!--Zero or more repetitions: -->
						<p3p:recipient-description>corde aris</p3p:recipient-description>
					</p3p:delivery>
					<p3p:public required="always">
						<!--Zero or more repetitions: -->
						<p3p:recipient-description>molemque temperat
						</p3p:recipient-description>
					</p3p:public>
					<p3p:unrelated required="always">
						<!--Zero or more repetitions: -->
						<p3p:recipient-description>magno nimborum
						</p3p:recipient-description>
					</p3p:unrelated>
					<!--Zero or more repetitions: -->
					<p3p:EXTENSION optional="yes">
						gero
						<!--You have a CHOICE of the next 1 items at this level -->
						<!--You may enter ANY elements at this point -->
						<AnyElement />
						altos
					</p3p:EXTENSION>
				</p3p:RECIPIENT>
				<!--Optional: -->
				<p3p:RETENTION>
					<!--Zero or more repetitions: -->
					<p3p:EXTENSION optional="yes">
						iunonis
						<!--You have a CHOICE of the next 1 items at this level -->
						<!--You may enter ANY elements at this point -->
						<AnyElement />
						aeoliam
					</p3p:EXTENSION>
					<!--You have a CHOICE of the next 5 items at this level -->
					<p3p:no-retention />
					<p3p:stated-purpose />
					<p3p:legal-requirement />
					<p3p:indefinitely />
					<p3p:business-practices />
					<!--Zero or more repetitions: -->
					<p3p:EXTENSION optional="yes">
						premere
						<!--You have a CHOICE of the next 1 items at this level -->
						<!--You may enter ANY elements at this point -->
						<AnyElement />
						hic
					</p3p:EXTENSION>
				</p3p:RETENTION>
				<!--Zero or more repetitions: -->
				<p3p:DATA-GROUP base="http://www.w3.org/TR/P3P/base">
					<!--Zero or more repetitions: -->
					<p3p:EXTENSION optional="yes">
						iovisque
						<!--You have a CHOICE of the next 1 items at this level -->
						<!--You may enter ANY elements at this point -->
						<AnyElement />
						et
					</p3p:EXTENSION>
					<!--1 or more repetitions: -->
					<p3p:DATA ref="http://www.test.org/imposuit/murmure"
						optional="no">
						rates
						<p3p:CATEGORIES>
							<!--You have a CHOICE of the next 17 items at this level -->
							<p3p:physical />
							<p3p:online />
							<p3p:uniqueid />
							<p3p:purchase />
							<p3p:financial />
							<p3p:computer />
							<p3p:navigation />
							<p3p:interactive />
							<p3p:demographic />
							<p3p:content />
							<p3p:state />
							<p3p:political />
							<p3p:health />
							<p3p:preference />
							<p3p:location />
							<p3p:government />
							<p3p:other-category>string</p3p:other-category>
						</p3p:CATEGORIES>
						maria
					</p3p:DATA>
					<!--Zero or more repetitions: -->
					<p3p:EXTENSION optional="yes">
						supplex
						<!--You have a CHOICE of the next 1 items at this level -->
						<!--You may enter ANY elements at this point -->
						<AnyElement />
						imponet
					</p3p:EXTENSION>
				</p3p:DATA-GROUP>
				<!--Zero or more repetitions: -->
				<p3p:EXTENSION optional="yes">
					ipsa
					<!--You have a CHOICE of the next 1 items at this level -->
					<!--You may enter ANY elements at this point -->
					<AnyElement />
					numen
				</p3p:EXTENSION>
			</p3p:STATEMENT>
			<!--Zero or more repetitions: -->
			<p3p:EXTENSION optional="yes">
				volutans
				<!--You have a CHOICE of the next 1 items at this level -->
				<!--You may enter ANY elements at this point -->
				<AnyElement />
				per
			</p3p:EXTENSION>
		</p3p:POLICY>
	</p3p:POLICIES>
	<!--Zero or more repetitions: -->
	<p3p:EXTENSION optional="yes">
		maria
		<!--You have a CHOICE of the next 1 items at this level -->
		<!--You may enter ANY elements at this point -->
		<AnyElement />
		et
	</p3p:EXTENSION>
</p3p:META>
