<?xml version="1.0" encoding="UTF-8"?>
<webservices xmlns="http://xmlns.jcp.org/xml/ns/javaee" xmlns:xsi="http://www.w3.org/2001/XMLSchema-instance" xsi:schemaLocation="http://xmlns.jcp.org/xml/ns/javaee http://xmlns.jcp.org/xml/ns/javaee/javaee_web_services_1_4.xsd" version="1.4">
	<webservice-description>
		<webservice-description-name>JAXBTestServiceImplService</webservice-description-name>
		<wsdl-file>WEB-INF/wsdl/JAXBTestServiceImplService.wsdl</wsdl-file>
		<port-component>
			<port-component-name>JAXBTestServiceImplDelegate</port-component-name>
			<wsdl-service xmlns:pfx="http://jaxbtest.travelers.migr.ibm.com/">
			pfx:JAXBTestServiceImplService</wsdl-service>
			<wsdl-port xmlns:pfx="http://jaxbtest.travelers.migr.ibm.com/">
			pfx:JAXBTestServiceImplPort</wsdl-port>
			<enable-mtom>false</enable-mtom>
			<service-impl-bean>
				<servlet-link>
				com.ibm.migr.travelers.jaxbtest.JAXBTestServiceImplDelegate</servlet-link>
			</service-impl-bean>
		</port-component>
	</webservice-description>
</webservices>
