<?xml version="1.0" encoding="UTF-8"?>
<application xmlns="http://java.sun.com/xml/ns/javaee" xmlns:xsi="http://www.w3.org/2001/XMLSchema-instance" xsi:schemaLocation="http://java.sun.com/xml/ns/javaee http://java.sun.com/xml/ns/javaee/application_6.xsd" version="6">
	<display-name>TravelersJAXWS_WebEAR</display-name>
	<module id="Module_1507694198841">
		<web>
			<web-uri>TravelersJAXWS_Web.war</web-uri>
			<context-root>TravelersJAXWS_Web</context-root>
		</web>
	</module>
	<module id="Module_1507694433386">
		<web>
			<web-uri>TravelersJAXWSClient_Web.war</web-uri>
			<context-root>TravelersJAXWSClient_Web</context-root>
		</web>
	</module>
</application>
